No,TÊN KHÓA HỌC (course name)    ,CHUYÊN NGÀNH (course category),LINK KHÓA HỌC (course link),MÔ TẢ (course description),,
1,TỐI ƯU GIAN HÀNG TRÊN LAZADA,Digital Marketing,https://onlinica.com/courses/course-v1:Onlinica+259+2024_259/about ,"Thương mại điện tử hiện đang là xu hướng của thời đại toàn cầu hóa như hiện nay. Tại Việt Nam thu hút nhiều sàn thương mại điện tử tham gia. Lazada là một trong số đó. Có mặt tại Việt Nam và Đông Nam Á từ năm 2012, Lazada đã trở thành một lựa chọn hàng đầu kể cả người bán và người tiêu dùng. Và nếu bạn đang muốn kinh doanh trên Lazada nhưng chưa biết cách tạo và quản lý gian hàng hiệu quả? Bạn đang gặp khó khăn trong việc thu hút và chăm sóc khách hàng trên sàn thương mại điện tử lớn nhất Đông Nam Á? Bạn đang tìm kiếm một khóa học thực chiến, cập nhật và chất lượng về bán hàng trên Lazada? Vậy thì khoá học ""Tối ưu gian hàng trên Lazada"" sẽ là một cuốn cẩm nang tuyệt vời cho bạn. Hãy đồng hành cùng chúng tôi trên hành trình tối ưu hóa gian hàng Lazada của bạn. Đến với khoá học này, bạn sẽ biết được quá trình hình thành và phát triển của Lazada, cách thiết kế gian hàng cũng như mẹo để tối ưu được gian hàng. Hãy vào học ngay để nhận những kiến thức và chiến lược quan trọng cho sự thành công của bạn trên thị trường thương mại điện tử đầy cạnh tranh.",,
2,HỘI HỌA: MÀU SẮC VÀ PHỐI MÀU CƠ BẢN,Design,https://onlinica.com/courses/course-v1:Onlinica+001+2022_001/about ,"Bạn yêu thích việc sử dụng màu sắc, nhưng lại không biết làm sao để phối ra những màu sắc mà bản thân mong muốn. Vậy thì khóa học ""Màu sắc và cách phối màu cơ bản"" sẽ mang đến cho bạn những kiến thức cơ bản về màu sắc như việc sử dụng ánh sáng, nhiệt độ trong màu sắc hay thú vị hơn là nắm được các nguyên lý phối màu. Không những thế bạn còn có thể thực hành tô màu với vòng tròn thuần sắc cùng Mr. Anh Thi - Giảng viên chuyên ngành thiết kế. Để có thể có những trải nghiệm tuyệt vời trên còn chần chờ gì mà không nhanh tay đăng ký khóa học để tiếp thu những kiến thức hữu ích bạn nhé!",,
3,KỸ NĂNG QUẢN LÝ THỜI GIAN,Personal Development,https://onlinica.com/courses/course-v1:Onlinica+002+2022_002/about,Thời gian của chúng ta mỗi ngày là như nhau - 24 giờ/ngày. Nhưng nếu bạn biết cách phân chia và sử dụng thời gian hợp lý thì chắc chắn hiệu suất học tập và làm việc sẽ tốt hơn rất nhiều. Vậy kỹ năng quản lý thời gian là gì và làm thế nào để nâng cao kỹ năng này? Onlinica sẽ bật mí cùng bạn ngay trong khóa học này!,,
4,KỸ NĂNG SINH TỒN TRONG THÀNH PHỐ ,Personal Development,https://onlinica.com/courses/course-v1:Onlinica+003+2022_003/about,"Tìm kiếm phòng trọ tại Thành Phố chưa là bao giờ là công việc dễ dàng. Nguy hiểm, khó khăn và nhiều thử thách là những gì bạn phải đối diện khi tìm kiếm một nơi ở mới. Làm thế nào để vượt qua nó ư? Khóa học này của Onlinica sẽ trang bị cho bạn những kỹ năng ""sinh tồn"" cần thiết, giúp bạn có kiến thức và kỹ năng tìm kiếm một nơi trọ tốt và phù hợp với nhu cầu.",,
5,KHÁM PHÁ NGÀNH DIGITAL MARKETING,Digital Marketing,https://onlinica.com/courses/course-v1:Onlinica+004+2022_004/about#shortDes,"Trước khi cuộc cách mạng công nghiệp 4.0 nổ ra, Marketing tồn tại dưới hình thức như quảng cáo trên TV, tờ rơi và nhân viên tiếp thị sẽ gõ cửa từng nhà để giới thiệu sản phẩm. Tuy nhiên ngày nay Digital marketing đã phát triển và đang dần khẳng định vai trò của mình, trở thành phương pháp tiếp cận khách hàng tất yếu của mọi doanh nghiệp. Vậy để khám phá về ngành Digital marketing các bạn hãy cùng Onlinica tham gia khóa học ""Khám phá ngành Digital Marketing"" để lắng nghe chuyên gia chia sẻ tổng quan về ngành Digital marketing, vai trò và lợi ích của ngành Digital marketing đối với doanh nghiệp và triển vọng nghề nghiệp của ngành Digital marketing trên thị trường lao động nhé!",,
6,KỸ NĂNG PHỎNG VẤN TÌM VIỆC LÀM,Soft Skills,https://onlinica.com/courses/course-v1:Onlinica+005+2022_005/about,"Một cuộc phỏng vấn xin việc thành công là tổng hòa của rất nhiều yếu tố, từ hình thức đến nội dung. Để không làm lãng phí thời gian và công sức cho những cuộc phỏng vấn tìm việc “ra về tay không”, đừng quên trang bị cho mình những kỹ năng cần thiết. Cùng Onlinica tìm hiểu đó là gì trong khóa học này nhé!",,
7,NGÀNH TRÍ TUỆ NHÂN TẠO AI - NGHỀ CỦA TƯƠNG LAI,Trí tuệ nhân tạo A.I,https://onlinica.com/courses/course-v1:Onlinica+006+2022_006/about,"Trí tuệ nhân tạo là một nhánh của khoa học máy tính, liên quan đến việc chúng ta xây dựng hệ thống máy thông minh, có khả năng thực hiện những chức năng như con người. Vậy Trí tuệ nhân tạo là gì? Máy học là gì? Có sự khác biệt như thế nào giữa máy học có giám sát và máy học không giám sát? Học sâu hay còn được biết đến với thuật ngữ Deep Learning có ứng dụng như thế nào? Mọi thắc mắc đều sẽ được giải đáp ở khoá học ''Nhập Môn Trí Tuệ Nhân Tạo - Phần 01'' cùng Tiến sĩ Trần Anh Tuấn - Chuyên gia ngành Trí tuệ nhân tạo tại Onlinica.",,
8,KHÁM PHÁ NGÀNH GAME DEVELOPER - NHẬP MÔN,Lập trình,https://onlinica.com/courses/course-v1:Onlinica+008+2022_008/about,"Để tạo ra được một video game, đó là cả một quá trình không chỉ bao gồm công đoạn lập trình game mà còn có cả thiết kế hình ảnh, âm thanh, dữ liệu. Vậy để có thể hiểu rõ hơn về quy trình tạo ra một video game, cũng như các cơ hội việc làm của một Game Developer thì hãy khám phá khóa học ngay tại Onlinica.",,
9,KỸ NĂNG GIAO TIẾP HIỆU QUẢ,Soft Skills,https://onlinica.com/courses/course-v1:Onlinica+009+2022_009/about,"Giao tiếp là một phần không thể thiếu trong cuộc sống, việc giao tiếp giúp con người đạt được những nhu cầu của bản thân. Để thấu hiểu, truyền đạt đúng ý từ người gửi đến người nhận đúng thông điệp truyền tải. Onlinica giới thiệu cùng bạn khóa học ''Kỹ năng giao tiếp hiệu quả'' với những kiến thức hữu ích về tầm quan trọng của giao tiếp mà bạn không nên bỏ lỡ.",,`
10,KỸ NĂNG TÌM VIỆC LÀM THÊM,Soft Skills,https://onlinica.com/courses/course-v1:Onlinica+010+2022_010/about,"Hầu hết các bạn trẻ đều mong muốn tìm được một công việc làm thêm tốt trong thời gian đi học để vừa tăng thu nhập vừa cải thiện kỹ năng. Tuy nhiên, không phải ai cũng có thể sắp xếp được thời gian học và làm cũng như tìm được công việc phù hợp sở thích. Làm thế nào bây giờ? Câu trả lời sẽ được Onlinica giải đáp trong khóa học này!",,
11,KỸ NĂNG VIẾT CV TÌM VIỆC,Soft Skills,https://onlinica.com/courses/course-v1:Onlinica+011+2022_011/about,"Viết CV tìm việc là điều rất đáng quan tâm đối với sinh viên sắp ra trường. Những lưu ý cơ bản khi viết CV là gì? Làm sao để cho CV của bạn nổi bật hơn trong mắt nhà tuyển dụng? Tất cả các câu trả lời đều sẽ được giải đáp ở khoá học ''KỸ NĂNG VIẾT CV TÌM VIỆC'' tại Onlinica. Khoá học được chính những chuyên gia tuyển dụng nhân sự lâu năm chia sẻ những kinh nghiệm, những bí quyết viết CV hay đến cho bạn. Hãy nhanh tay đăng ký khoá học để giúp bạn có khởi đầu suôn sẻ.",,
12,PHÁC HỌA VÀ NHỮNG ĐIỀU CẦN BIẾT,Design,https://onlinica.com/courses/course-v1:Onlinica+012+2022_012/about,"Phác họa một sự vật bằng phần mềm Photoshop còn quá khó đối với bạn? Khóa học ngày hôm nay sẽ chỉ cho bạn từng bước cơ bản bao gồm: dựng hình, đổ màu, đổ bóng và hoàn thiện các chi tiết nhỏ trong quá trình phác họa trên máy tính. Hãy cùng Onlinica tham gia khóa học này để có thể tìm hiểu và tự vẽ nên các thành phẩm của riêng mình bạn nhé!",,
13,DỰNG VÀ BIÊN TẬP PHIM VỚI PREMIERE,Design,https://onlinica.com/courses/course-v1:Onlinica+013+2022_013/about,"Premiere là phần mềm dựng phim sở hữu rất nhiều ưu điểm với những tính năng vượt trội và vô cùng mạnh mẽ. Nếu bạn là người quan tâm đến dựng và biên tập phim, cũng như muốn upskill về biên dựng thì không thể bỏ qua khóa học ""Dựng Và Biên Tập Phim Với Premiere"". Đến với khóa học bạn sẽ được tìm hiểu về phần mềm Premiere cũng như làm quen với phần mềm dựng phim Premiere. Hãy nhanh tay đăng ký khóa học ngay tại Onlinica để nhận được những kiến thức thú vị nhất nhé!",,
14,NGHỆ THUẬT SỐNG: TỈNH THỨC CÙNG MINDFULNESS,Soft Skills,https://onlinica.com/courses/course-v1:Onlinica+014+2022_014/about,"Là một phương pháp không còn quá xa lạ trong tâm lí học, Tỉnh thức Mindfulness giúp giảm căng thẳng và chữa lành tâm hồn hiệu quả. Luyện tập mindfulness là chúng ta đang luyện tập khả năng tập trung để sống trọn vẹn với từng khoảnh khắc hiện tại. Để có cái nhìn sâu sắc hơn về vẻ đẹp tỉnh thức, mời bạn tham gia khóa học ''Nghệ thuật sống: Tỉnh thức cùng Mindfulness - Phần 01'' của Onlinica và hòa vào thế giới riêng của bạn.",,
15,TIÊN PHONG TRONG THƯƠNG MẠI ĐIỆN TỬ (E-COMMERCE LEADERS) - PHẦN 01,Digital Marketing,https://onlinica.com/courses/course-v1:Onlinica+017+2022_017/about,"Thương mại điện tử (E-Commerce) đang là một trong những lĩnh vực đang hot nhất hiện nay. Vậy thương mại điện tử là gì, vai trò của Thương mại điện tử đối với đời sống ngày nay như thế nào? Cùng theo dõi khóa học tại Onlinica để có cái nhìn tổng quan về lĩnh vực đầy mới mẻ và giàu tiềm năng này nhé!",,
16,TIÊN PHONG TRONG THƯƠNG MẠI ĐIỆN TỬ (E-COMMERCE LEADERS) - PHẦN 02,Digital Marketing,https://onlinica.com/courses/course-v1:Onlinica+037+2022_037/about,"Nắm được những chiến lược đúng đắn sẽ giúp cho bạn tiếp cận khách hàng một cách dễ dàng hơn. Để biết được những hướng đi hợp lý và các nguyên tắc trong lĩnh vực Thương mại điện tử, hãy đến với khóa học này của Onlinica bạn nhé!",,
17,PHƯƠNG PHÁP BƯỚC RA KHỎI VÙNG AN TOÀN & BỨT PHÁ,Soft Skills,https://onlinica.com/courses/course-v1:Onlinica+018+2022_018/about,Vùng an toàn là gì? Làm sao để có thể bước ra khỏi vùng an toàn? Đây là những thắc mắc của nhiều bạn trẻ hiện nay. Và nếu bạn cũng đang mắc kẹt trong vùng an toàn này mà chưa biết cách thoát ra khỏi đó để tìm kiếm những cơ hội mới thì còn chần chờ gì mà không đến ngay với khóa học '' Phương pháp bước ra khỏi vùng an toàn & bứt phá '' tại Onlinica!,,
18,PHƯƠNG PHÁP GIẢI TỎA CĂNG THẲNG TRƯỚC KỲ THI THPT QUỐC GIA ,Soft Skills,https://onlinica.com/courses/course-v1:Onlinica+019+2022_019/about,"Bất kỳ bạn học sinh nào khi đối mặt với Kỳ thi THPT Quốc gia đều có nhiều lo âu, căng thẳng và những nỗi sợ tâm lý vô hình. Để có thể tự tin vượt qua ""cơn sóng"" lớn sắp tới này, Onlinica mang đến cho bạn khóa học giúp bạn hiểu rằng những áp lực này có thể được giải tỏa bằng nhiều cách khác nhau.",,
19,KỸ NĂNG THIẾT LẬP MỤC TIÊU CUỘC ĐỜI,Soft Skills,https://onlinica.com/courses/course-v1:Onlinica+021+2022_021/about,"Cuộc sống sẽ trở nên có ý nghĩa khi bạn đặt ra mục tiêu và giới hạn cho bản thân. Thiết lập mục tiêu cho mình cũng chính là công việc đóng vai trò quan trọng góp phần tạo nên thành công. Nói đơn giản nhưng không phải ai cũng biết cách thiết lập mục tiêu này. Tham gia khóa học ""Kỹ năng Thiết lập mục tiêu cuộc đời"" cùng Onlinica để có lời giải đáp chính xác.",,
20,KỸ NĂNG ĐỊNH VỊ VÀ PHÁT TRIỂN BẢN THÂN,Soft Skills,https://onlinica.com/courses/course-v1:Onlinica+023+2022_023/about,"Làm chủ cuộc sống là mong ước của nhiều người hiện đại. Tuy nhiên, cuộc sống hiện đại và không ngừng phát triển kéo theo thông tin cũng ngày càng nhiều và hỗn độn khiến cho việc nhận diện và thấu hiểu bản thân càng trở nên khó khăn. Nào, hãy cùng Onlinica tham gia khóa học ''Kỹ năng Định vị & Phát triển bản thân ' để không bỏ lỡ điều gì trong hành trình tìm hiểu và phát triển bản thân bạn nhé.",,
21,PHƯƠNG PHÁP TĂNG KHẢ NĂNG GHI NHỚ,Soft Skills,https://onlinica.com/courses/course-v1:Onlinica+024+2022_024/about#shortDes,"Có thể bạn chưa biết, hàng ngày, não bộ của chúng ta mất đi hàng nghìn tế bào và đến lúc 50 tuổi, con số này bắt đầu gia tăng và cùng với đó là sự suy giảm của nhận thức, khả năng ghi nhớ. Việc giữ cho não bộ “bận rộn” bằng các phương pháp luyện tập đúng cách sẽ giúp tăng khả năng ghi nhớ hiệu quả. Tham gia khóa học ''Phương pháp tăng khả năng Ghi Nhớ'' tại Onlinica sẽ giúp bạn hiểu rõ các phương pháp đó là gì.",,
22,NHẬP MÔN NGÀNH LẬP TRÌNH WEB  FULL-STACK ,Lập trình,https://onlinica.com/courses/course-v1:Onlinica+036+2022_036/about#shortDes,"Lập trình Web là ngành học xu hướng hiện nay, vì thế mà có rất nhiều bạn muốn theo đuổi và tìm hiểu về ngành học này. Tuy nhiên đây là một lĩnh vực có nhiều cạnh tranh và thách thức mới. Chính vì thế tại Onlinica ngày hôm nay, sẽ giúp bạn định hướng đến với ngành lập trình Web Full-stack. Vẽ ra lộ trình thăng tiến sau khóa học, đề cập đến yếu tố cần thiết để bạn có thể theo đuổi ngành học. Cùng tham gia vào khóa học ''Nhập môn ngành lập trình Web Full-stack'' tại Onlinica cùng cô Cẩm Thi với nhiều năm kinh nghiệm trong ngành lập trình nhé!",,
23,SÁNG TẠO VÀ SẢN XUẤT PHIM ANIMATION,Design,https://onlinica.com/courses/course-v1:Onlinica+039+2022-039/about#shortDes,"Bạn đam mê phim hoạt hình và ước mơ ngày nào đó sẽ có thể thực hiện một bộ Animation của riêng mình? Hãy hiện thực hóa điều đó cùng Onlinica! Tham gia khóa học để cùng lắng nghe những chia sẻ từ bộ đôi đạo diễn của dự án phim Animation ""Việt Sử Kiêu Hùng"". Những chia sẻ, kinh nghiệm thực tế khi thực hiện bộ phim ""Bình Ngô Đại Chiến"" sẽ phần nào giúp bạn hiểu hơn quy trình làm phim và truyền cảm hứng cho ước mơ tạo nên một bộ phim Animation của chính bạn.",,
24,CÁCH TRỞ THÀNH MỘT NHÀ VĂN,Personal Development,https://onlinica.com/courses/course-v1:Onlinica+043+2022_043/about#shortDes,"Bạn thích viết lách nhưng không biết bắt đầu từ đâu? Bạn muốn trở thành người viết chuyên nghiệp nhưng không biết làm sao để hoàn thành tác phẩm của mình? Đừng lo lắng, khóa học ''Cách Trở Thành Một Nhà Văn'' của Onlinica sẽ giải đáp hết những thắc mắc trong bạn, giúp bạn thực hiện ước mơ trở thành nhà văn chuyên nghiệp ngay từ bây giờ.",,
25,THIẾT KẾ GAME CHUYÊN NGHIỆP VỚI UNITY,Lập trình,https://onlinica.com/courses/course-v1:Onlinica+045+2022_045/about#shortDes,"Thiết kế game trên Unity, liệu sẽ dễ hay khó? Nếu bạn đang có băn khoăn như vậy và không biết sẽ phải bắt đầu như thế nào thì hãy để khóa học ""Thiết Kế Game chuyên nghiệp với Unity"" giải đáp những thắc mắc cho bạn. Đồng hành cùng bạn sẽ là Chuyên gia trong ngành Game Development- Mr. Dương Hoàng Thanh, chuyên gia sẽ hỗ trợ bạn khởi tạo một Game Maze trên phần mềm Unity. Không những vậy, bạn còn nắm được các kiến thức về Unity Hub hay cách làm game theo góc nhìn thứ ba. Vậy nên hãy nhanh tay đăng ký khóa học tại Onlinica bạn nhé!",,
26,BẮT ĐẦU VỚI SKETCHBOOK - PHẦN 01,Design,https://onlinica.com/courses/course-v1:Onlinica+051+2022_051/about,"Bạn có hứng thú và đam mê với bộ môn Sketchbook, nhưng bối rối khi không biết bắt đầu từ đâu? Và tự đặt câu hỏi liệu khả năng của mình có phù hợp với Sketchbook hay không? Để giúp bạn phần nào ""gỡ rối"" được những khúc mắc trên, hãy tham gia ngay khóa học ""Bắt đầu với Sketchbook - Phần 01"" tại Onlinica ngay nhé!",,
27,BẮT ĐẦU VỚI SKETCHBOOK - PHẦN 02,Design,https://onlinica.com/courses/course-v1:Onlinica+053+2022_053/about,"Sau khi nắm được những thông tin và khái niệm cơ bản liên quan đến Sketchbook ở phẩn 1, hãy cùng tìm hiểu sâu hơn về bộ môn này bạn nhé. Trong khóa học này bạn sẽ được tìm hiểu về các bước thức hành cơ bản khi phác thảo và những lưu ý khi phác thảo.",,
28,PHƯƠNG PHÁP XÂY DỰNG KẾ HOẠCH QUẢNG CÁO BÁN HÀNG - PHẦN 01,Digital Marketing,https://onlinica.com/courses/course-v1:Onlinica+052+2022_052/about#shortDes,"Để sản phẩm của bạn tiếp cận được với khách hàng một cách rộng rãi và đúng đối tượng nhất, bạn cần xây dựng một kế hoạch quảng cáo phù hợp. Bên cạnh đó cần tối ưu chiến lượng quảng cáo của bạn, làm sao cho tiết kiệm chi phí nhưng hiệu quả mang lại phải tốt nhất. Hãy cùng tìm hiểu những điều đó cùng với một Chuyên gia ngành Marketing đầy kinh nghiệm trong khóa học này nhé!",,
29,LÝ THUYẾT NGHỆ THUẬT VỀ CÁCH PHỐI CẢNH - PHẦN 01,Design,https://onlinica.com/courses/course-v1:Onlinica+054+2022_054/about,"Phối cảnh là một trong những kiến thức rất quan trọng, đây là kiến thức nền tảng của không chỉ ngành kiến trúc mà còn bao gồm nội thất, tạo hình hội hoạ, ... ''Phối cảnh'' sẽ không còn quá xa lạ với bạn khi tham gia khoá học ''Lý thuyết nghệ thuật về cách phối cảnh - Phần 01''. Hãy cùng Onlinica tìm hiểu và ghi chú lại trong bài giảng nhé!",,
30,LÝ THUYẾT NGHỆ THUẬT VỀ CÁCH PHỐI CẢNH - PHẦN 02,Design,https://onlinica.com/courses/course-v1:Onlinica+055+2022_055/about#shortDes,"Học đi đôi với hành, ở phần 01 của chủ đề, Onlinica đã đề cập đến nội dung lý thuyết về cách phối cảnh. Ở phần này, khóa học sẽ đưa bạn đến gần với nghệ thuật phối cảnh thông qua các bài thực hành vẽ chi tiết. Bài giảng được chính chuyên gia ngành thiết kế giảng dạy đi từ những phần dễ đến khó, những nét vẽ cơ bản đến phức tạp. Hãy cùng đăng ký khoá học ''Lý thuyết nghệ thuật về cách phối cảnh - Phần 02'' của giảng viên Trần Hải Bình tại Onlinica nhé!",,
31,LÀM QUEN VỚI QUẢNG CÁO FACEBOOK (FACEBOOK ADS) - PHẦN 01,Digital Marketing,https://onlinica.com/courses/course-v1:Onlinica+056+2022_056/about#shortDes,"Học cách thiết lập một trang Facebook Ads vô cùng đơn giản trên chính chiếc điện thoại thông minh bạn vẫn thường sử dụng? Nghe qua có vẻ khó tin nhưng bạn hoàn toàn có thể làm được sau khi tham gia khóa học ""Làm quen với Quảng cáo Facebook (Facebook Ads) - Phần 01"". Tại khóa học này bạn có thể nắm được cách khởi tạo một trang, viết nội dung trên trang quảng cáo và tham khảo demo quảng cáo của chính chuyên gia trong ngành. Từ đó, bạn không chỉ hiểu mà còn có thể mở rộng khả năng tự chạy một Facebook Ads của riêng mình. Đăng ký ngay khóa học miễn phí để có thêm nhiều kiến thức hữu ích bạn nhé!",,
32,LÀM QUEN VỚI QUẢNG CÁO FACEBOOK (FACEBOOK ADS) - PHẦN 02,Digital Marketing,https://onlinica.com/courses/course-v1:Onlinica+057+2022_057/about#shortDes,"Ở phần trước chúng ta đã hiểu cơ bản về Facebook Ads, cũng như đã nắm những cách thiết lập một trang quảng cáo trên cả điện thoại thông minh lẫn máy tính. Vậy thì với khóa học ""Làm quen với Quảng cáo Facebook (Facebook Ads) - Phần 02"" chúng ta sẽ tìm hiểu sâu hơn về cách chạy quảng cáo Facebook bằng tài khoản Ad account hay còn gọi là Business Manager- BM account. Không chỉ còn là những giao diện cơ bản mà ở khóa học này chuyên gia sẽ giúp bạn nâng cao giao diện Facebook Ads từ đó dễ dàng hơn trong việc thu hút khách hàng ghé thăm trang của mình. Nhanh tay đăng ký khóa học để có thể giúp kế hoạch kinh doanh, trang quảng cáo của chính bạn phát triển theo mong muốn nhé!",,
33,NỀN TẢNG TRUYỀN THÔNG XÃ HỘI (SOCIAL MEDIA PLAFORMS) - PHẦN 01,Digital Marketing,https://onlinica.com/courses/course-v1:Onlinica+058+2022_058/about#shortDes,"Ngày nay, chúng ta đã không còn quá xa lạ với khái niệm Social Media Platforms. Tuy nhiên làm sao để hiểu rõ và ứng dụng các nền tảng truyền thông xã hội vào kinh doanh nói riêng và đời sống nói chung? Hãy cùng Onlinica đến với khóa học ""Nền tảng truyền thông xã hội (Social Media Platforms) - Phần 01"" để lắng nghe những chia sẻ của Ms. Nguyễn Mỹ Hạnh về các khái niệm cơ bản thường được sử dụng, vai trò cũng như tính ứng dụng của Social Media Platforms dưới góc nhìn chuyên gia nhé!",,
34,NỀN TẢNG TRUYỀN THÔNG XÃ HỘI (SOCIAL MEDIA PLAFORMS) - PHẦN 02,Digital Marketing,https://onlinica.com/courses/course-v1:Onlinica+059+2022_059/about#shortDes,"Facebook, Youtube, Tik Tok, Instagram, Zalo là những nền tảng truyền thông bạn vẫn thường sử dụng hằng ngày cho rất nhiều hoạt động như làm việc, học tập, giải trí. Nhưng bạn đã thật sự hiểu rõ toàn bộ thông tin về các nền tảng truyền thông xã hội này chưa? Hãy cùng Ms. Mỹ Hạnh giảng viên chuyên ngành Digital Marketing phân tích những thông tin về các nền tảng truyền thông, so sánh những điểm giống và khác nhau giữa các trang mạng xã hội, cũng như tiếp thu những kiến thức thú vị xoay quay các nền tảng truyền thông xã hội phổ biến hiện nay. Nhanh tay đăng ký ngay khóa học ""Nền tảng truyền thông xã hội (Social Media Platforms) - Phần 02"" tại Onlinica.",,
35,TỐI ƯU BÁN HÀNG TRÊN TIKTOK SHOP,Digital Marketing,https://onlinica.com/courses/course-v1:Onlinica+260+2023_260/about#shortDes,"Ngày ngày lướt TikTok để giải trí, bạn có biết đây còn một kênh bán hàng hiệu quả? Và nếu như bạn có muốn học cách tối ưu bán hàng trên TikTok Shop, một chức năng mới mẻ và tiên tiến của TikTok hay mong muốn tận dụng lượng người dùng khổng lồ của TikTok để quảng bá sản phẩm và dịch vụ của bạn? Thì chào mừng bạn đã đến với kho tàng Onlinica tại đây đang có những cuốn ""cửu âm chân kinh"" về cách ""Tối ưu bán hàng trên TikTok Shop"". Thông qua khoá học này bạn sẽ được tìm hiểu rõ hơn về TikTok Shop là gì, Mô hình vận hành của TikTok Shop và đặc biệt là các cách tối ưu TikTok Shop. Sau khi học xong khóa học này bạn sẽ nắm được các cách để tối ưu gian hàng của mình trên TikTok Shop, giúp bạn khám phá ra cách để quản lý một gian hàng thành công, tìm ra những khuyết điểm trong cách vận hành của mình và khắc phục được nó. Và để làm được những điều đó chỉ còn cách bạn một bước đăng ký nữa thôi, hãy nhanh tay đăng ký và học cùng Onlinica nhé.",,
36,LÝ THUYẾT NGHỆ THUẬT VỀ TỈ LỆ & GIẢI PHẪU NGƯỜI - PHẦN 01,Design,https://onlinica.com/courses/course-v1:Onlinica+064+2022_064/about,"Cơ thể con người là một trong những cấu trúc động vật phức tạp và kỳ diệu nhất. Thế nên việc gặp khó khăn khi vẽ người là một điều mà đa số những người mới bắt đầu sẽ gặp phải. Đến với khóa khọc này của Onlinica, chúng ta sẽ cùng nhau học về các lý thuyết của tỷ lệ cơ thể người bạn nhé!",,
37,LÝ THUYẾT VỀ MÀU SẮC - PHẦN 01,Design,https://onlinica.com/courses/course-v1:Onlinica+068+2022_068/about#shortDes,"Màu sắc là một phần vô cùng quan trọng trong đời sống của chúng ta, được ứng dụng rộng rãi trong rất nhiều lĩnh vực khác nhau. Để có thể hiểu được ""tiếng nói"" của màu sắc, hãy đến với khóa học ngày này của Onlinica.",,
38,LÝ THUYẾT VỀ MÀU SẮC - PHẦN 02,Design,https://onlinica.com/courses/course-v1:Onlinica+069+2022_069/about#shortDes,"Tiếp nối những kiến thức lý thuyết về màu sắc đã được Ms. Nguyễn Hải Huyền Trang - Giảng viên chuyên ngành thiết kế chia sẻ trong khoá học ""Lý thuyết về màu sắc - Phần 01"", tại khoá học ""Lý thuyết về màu sắc - Phần 02"" chúng ta sẽ cùng tìm hiểu về cách vẽ trên phần mềm Adobe Illustrator với công cụ Mesh Tool. Kiến thức về công cụ này sẽ giúp bạn vẽ được những đối tượng thực tế và đảm bảo chất lượng của file, thích hợp dùng cho in ấn. Còn chần chờ gì mà không đăng kí ngay khoá học '' Lý thuyết về màu sắc - Phần 02'' tại Onlinica.",,
39,GIỚI THIỆU VỀ STORYBOARDING,Design,https://onlinica.com/courses/course-v1:Onlinica+070+2022_070/about#shortDes,"Ngành điện ảnh đang phát triển mạnh mẽ, đặc biệt trong thời đại 4.0 ngày nay, việc sử dụng Storyboard - Vẽ kịch bản trong quá trình sáng tạo để sản xuất phim, TVC, MV, ... là rất cần thiết. Nhằm giúp người xem hình dung được sự kiện, nhân vật, góc máy, background, ... từ đó hiểu được ý tưởng 1 cách sinh động và hiệu quả hơn. Hãy để khoá học ''Giới thiệu về Storyboarding'' với Mr. Nguyễn Tấn Huynh - Chuyên gia ngành lập trình giúp bạn hiểu rõ hơn kiến thức này nhé!",,
40,COMPUTER FUNDAMENTALS - PHẦN 01,Lập trình,https://onlinica.com/courses/course-v1:Onlinica+071+2022_071/about,"Máy tính đóng vai trò then chốt trong lĩnh vực công nghệ thông tin. Vậy, máy tính là gì? có những loại máy tính nào? Bộ xử lý trung tâm là gì? phần mềm, phần cứng có vai trò gì? và làm thế nào để duy trì hiệu suất hoạt động của máy tính? Hãy cùng tìm lời giải đáp cho những câu hỏi trên với khoá học ""Computer Fundamentals - Phần 1"" với giảng viên Nguyễn Trọng Tiến - Chuyên gia ngành lập trình.",,
41,COMPUTER FUNDAMENTALS - PHẦN 02,Lập trình,https://onlinica.com/courses/course-v1:Onlinica+072+2022_072/about#shortDes,"Bạn có biết hệ điều hành là gì không? Làm thế nào để có thể sử dụng các tính năng trên hệ điều hành? Tất cả đều sẽ được giải đáp tại khóa học ''Computer Fundamentals - Phần 02''. Ở khóa học này bạn sẽ bồi dưỡng thêm kiến thức cơ bản về hệ điều hành, đem đến những thông tin hữu ích giúp bạn vận hành thiết bị của mình một cách có quy trình, tối ưu thao tác trên máy tính. Hãy cùng Onlinica tìm hiểu xem hệ điều hành trên máy tính của bạn sẽ được vận hành ra sao nhé!",,
42,NGÔN NGỮ LẬP TRÌNH CƠ BẢN - PHẦN 01,Lập trình,https://onlinica.com/courses/course-v1:Onlinica+073+2022_073/about#shortDes,"Ngôn ngữ lập trình là khái niệm cơ bản mà những ai theo học ngành Công nghệ thông tin đều biết. Nhưng liệu có phải tất cả đều hiểu rõ bản chất của ngôn ngữ lập trình nói chung và ngôn ngữ lập trình C nói riêng? Bạn đã hiểu những phần tử của ngôn ngữ lập trình C hay hơn hết là cấu trúc cơ bản của một chương trình C? Để giải đáp những thắc mắc này hãy đăng ký ngay khóa học ''Ngôn ngữ lập trình cơ bản - Phần 01''. Tại đây Onlinca muốn đem đến cho bạn những khởi đầu suôn sẻ, với kiến thức phong phú và cơ bản nhất về ngôn ngữ C. Khóa học giúp bạn nắm vững cấu trúc của lập trình C, biên dịch chương trình C một cách thành thạo. Hãy nhanh tay đăng ký, các chuyên gia sẽ đồng hành cùng bạn tại khóa học lập trình này nhé!",,
43,NGÔN NGỮ LẬP TRÌNH CƠ BẢN - PHẦN 02,Lập trình,https://onlinica.com/courses/course-v1:Onlinica+074+2022_074/about#shortDes,"Ở khóa học ''Ngôn ngữ lập trình cơ bản - Phần 01'' chúng ta đã nắm vững kiến thức về lý thuyết. Phần tiếp theo của khóa học sẽ cung cấp cho các bạn kiến thức thú vị liên quan đến quá trình thực hành khi các bạn bắt tay vào lập trình một chương trình C. Tại phần 2 này, chúng ta sẽ tìm hiểu và vận dụng ngôn ngữ lập trình C để giải quyết các vấn đề, cũng như là có một bài tập ví dụ viết về ngôn ngữ lập trình C. Đồng hành cùng bạn sẽ là chuyên gia trong ngành lập trình, Ms. Cẩm Thi sẽ giúp bạn giải quyết những vấn đề khi mới tham gia vào lập trình, tìm hiểu về các thuật toán, đặc biệt là kiến thức liên quan đến lưu đồ giải thuật - Flowchart. Nghe qua thì có vẻ khó hình dung ra trong đầu, vậy thì đăng ký ngay khóa học ''Ngôn ngữ lập trình cơ bản - Phần 02'' để có thể giải quyết những rắc rối trong bạn nhé!",,
44,NHẬP MÔN TRÍ TUỆ NHÂN TẠO - PHẦN 01,Trí tuệ nhân tạo A.I,https://onlinica.com/courses/course-v1:Onlinica+075+2022_075/about#shortDes,"Trí tuệ nhân tạo là một nhánh của khoa học máy tính, liên quan đến việc chúng ta xây dựng hệ thống máy thông minh, có khả năng thực hiện những chức năng như con người. Vậy Trí tuệ nhân tạo là gì? Máy học là gì? Có sự khác biệt như thế nào giữa máy học có giám sát và máy học không giám sát? Học sâu hay còn được biết đến với thuật ngữ Deep Learning có ứng dụng như thế nào? Mọi thắc mắc đều sẽ được giải đáp ở khoá học ''Nhập Môn Trí Tuệ Nhân Tạo - Phần 01'' cùng Tiến sĩ Trần Anh Tuấn - Chuyên gia ngành Trí tuệ nhân tạo tại Onlinica.",,
45,NHẬP MÔN LẬP TRÌNH TRÍ TUỆ NHÂN TẠO ,Trí tuệ nhân tạo A.I,https://onlinica.com/courses/course-v1:Onlinica+076+2022_076/about#shortDes,"Trí tuệ nhân tạo hay AI, là khái niệm không còn quá xa lạ với mọi người, nhưng liệu có bao nhiêu người biết về quy trình lập trình Trí tuệ nhân tạo hay không? Để giải đáp những thắc mắc này, Onlinica đã cho ra mắt khóa học ''NHẬP MÔN LẬP TRÌNH TRÍ TUỆ NHÂN TẠO'' bởi chính Tiến Sĩ Trần Anh Tuấn - Chuyên gia ngành Trí tuệ nhân tạo giảng dạy. Khóa học sẽ đem bạn đến gần hơn với lập trình Flowchart, mã giả và thuật toán. Không chỉ dừng tại đó, khóa học đưa ra cho bạn nhiều bài tập thực tế, giúp bạn rèn luyện tính tư duy, tự học của bản thân. Nhanh tay đăng ký tham gia khóa học để theo đuổi đam mê lập trình Trí tuệ nhân tạo của bạn nhé!",,
46,SÁNG TẠO NỘI DUNG TRÊN YOUTUBE,Digital Marketing,https://onlinica.com/courses/course-v1:Onlinica+077+2022_077/about#shortDes,"Đã bao giờ bạn thắc mắc về công việc của một Youtuber và làm sao để họ - những người cũng giống như chúng ta có thể trở thành một nhà sáng tạo nội dung trên Youtube. Để giải đáp những thắc mắc trên hãy để khóa học ""Sáng tạo nội dung trên Youtube"" giúp bạn thông qua những chia sẻ của Ms. Phượng Ngô chủ của một kênh Youtube. Từ đó bạn có thể xác định được lý do khi một Youtuber bắt đầu một kênh Youtube, quy trình quay dựng sản xuất một video hoàn chỉnh và những khó khăn thách thức để xây dựng một nội dung thành công. Nhanh tay đăng ký ngay khóa học trên tại Onlinica bạn nhé!",,
47,THỔI HỒN CHO CHẤT LIỆU,Design,https://onlinica.com/courses/course-v1:Onlinica+079+2022_079/about,"Phong cách thiết kế thay đổi theo mùa và buộc bạn phải nắm vững kỹ năng để thích ứng, hoàn thiện và thu hút nhiều khách hàng hơn. Làm thế nào để giữ lửa đam mê, sáng tạo liên tục và hoàn thiện tác phẩm thiết kế của mình đây? Cùng tìm câu trả lời trong khóa học này của Onlinica.",,
48,SÁNG TẠO HÌNH ẢNH - FOOD STYLIST,Design,https://onlinica.com/courses/course-v1:Onlinica+080+2022_080/about#shortDes,"Bạn đã sẵn sàng khám phá nơi mà một người có thể thổi hồn vào những món ăn tưởng chừng rất đơn điệu. Những người làm Food Stylist chính là những chuyên gia có trách nhiệm “điểm trang” cho các món ăn sao cho bắt mắt nhất đúng với từng yêu cầu cụ thể. Nếu bạn đam mê ẩm thực và mong muốn biến những tác phẩm của mình thành nghệ thuật thì hãy cùng tham gia khóa học ""Sáng tạo hình ảnh - Food Stylist"" để lắng nghe những chia sẻ về ngành Food Stylist, vai trò và tính ứng dụng cũng như các kiến thức, kỹ năng cần có của một Food Stylist. Qua khóa học trên bạn sẽ phần nào hiểu được quy trình khi thực hiện dự án từ đó tự tin hơn khi chính tay thực hiện những tác phẩm của mình.",,
49,TỔNG QUAN VỀ BUSINESS INTELLIGENCE & BUSINESS ANALYTICS (BI/BA FUNDAMENTALS),Trí tuệ nhân tạo A.I,https://onlinica.com/courses/course-v1:Onlinica+081+2022_081/about#shortDes,"Bạn có muốn trở thành một người BI&BA, một người được ví như một Key Person trong doanh nghiệp. Nhưng bạn đã thực sự hiểu được BI&BA là gì? Hay công việc của một người làm BI&BA. Tất cả đáp án đều sẽ được giải đáp ngay tại khóa học ""Tổng quan về Business Intelligence (BI Fundamentals)"" của chính chuyên gia trong ngành Mr. Trần Anh Tuấn. Qua khóa học, bạn sẽ nắm được các kiến thức tổng quan về BI&BA, những mô tả công việc cũng như những kỹ năng mà một người BI&BA cần có và mở rộng hơn bạn sẽ được tìm hiểu về các bảng báo cáo KPI trong nhiều lĩnh vực. Nhanh tay đăng ký ngay khóa học miễn phí ngay!",,